id,Title
52,"Complete Guide to Bai Tho Mountain (Updated 2019)"
53,"A Guide to Vietnamese Drip Coffee"
54,"Teach English With Starlight in Rural Vietnam"
55,"Getting a Motorbike As a Gift in Vietnam"
56,"Motorbiking Vietnam on a Budget - A Guide on Expenses for 2019"
57,"All You Have to Know About Buying a Motorbike in Vietnam"
58,"How to Successfully Deal With Vietnamese Police"
59,"How to Do Visa Run to Lao Bao From Da Nang Like a Boss"
60,"A Guide to Sell a Motorbike in Vietnam Without Losing Money"
61,"Things to Know About Teaching English in Vietnam"
62,"All You Need to Know About Vietnam Tourist Visa in 2019"
63,"21 Useful Mobile Apps for Traveling Around Vietnam"
64,"All You Have to Know About Cannabis in Vietnam"
65,"A Guide for Getting a Vietnamese Driving License"
66,"Vietnam Visa Run 2019 - Process & Costs"
67,"All You Have to Know About Weed in Hanoi"
68,"Celebrating Tet Holiday With Vietnamese People"
69,"All You Have to Know About Phan Rang Kitesurfing"
70,"Things to Know About Snorkeling in Nha Trang"
71,"Vietnam Bucket List - 14 Inspiring Experiences"
72,"Day Trip to Son Tra Peninsula (2020 Updated)"
73,"What is the Best Working Cafe in Da Nang? (2019 Updated)"
74,"Border Crossing From Vietnam to Laos With Motorbike (Lao Bao)"
75,"All You Have to Know About Weed in Saigon"
76,"All You Have to Know About Weed in Mui Ne"
77,"10 Vietnamese Street Food Dishes You Have to Try"
78,"Things to Know Before Doing a Motorbike Trip in Vietnam"
79,"Learn Everything About Bia Hoi (Cheapest Beer in the World!)"
80,"Prao Loop - A Magnificent Trip From Da Nang"
81,"Da Nang Waterfalls - Day Trip to Suoi Mo Hoa Bac"
82,"When is the Best Time to Visit Da Nang?"
83,"[Day 1] - Exploring Saigon, Reunion Time and Recovering from Jet Lag"
84,"[Day 3] - Looking for Motorcycles in Saigon - Part Two"
85,"[Day 2] - Looking for Motorcycles in Saigon - Part One"
86,"[Day 4] Finally Buying the Bikes and Exploring the Ben Thanh Market"
87,"[Day 5] Crossing the Border to Cambodia!"
88,"[Day 6] Riding from Neak Loeung to Phnom Penh!"
89,"[Day 7] Exploring the Central Market and the Surrounding Areas in Phnom Penh!"
90,"[Day 8] Exploring the Calmer Part of Phnom Penh!"
91,"[Day 9] S-21 and the Mekong River Cruise in Phnom Penh"
92,"[Day 10] Riding from Phnom Penh to Kampong Thom!"
93,"[Day 11] Hiking Up Phnom Santuk!"
94,"[Day 12] Discovering the Jungle Temples in Kampong Thom!"
95,"3 Days in Da Nang Itinerary - Things to Do, Where to Stay, What to Eat?"
96,"12 Lightweight Souvenirs From Vietnam"
97,"13 Amazing Things to Do in Nakai, Laos"
98,"Cost of Living in Da Nang for Expats (Dec. 2019)"
99,"2 Days in Hanoi Itinerary - What to Do and Where to Stay?"
100,"7 Fun & Delicious Things to Do in Hanoi at Night"
101,"Pros and Cons of Living in Vietnam for Expats"
102,"9 Jaw-Dropping Vietnam Temples You Can't Miss"
103,"8 Best Street Food in Hanoi To Satiate Your Hunger!"
104,"Learn About Colorful Coffee Culture in Vietnam"
105,"Explore Ho Thuy Tien Abandoned Waterpark in Hue (2020)"
106,"Balanced Vietnam Motorbike Route For First-Timers"
107,"Battambang Day Trip: Phnom Sampeau, the Killing Caves, and the Bat Caves"
108,"How To Get From Siem Reap To Battambang (and reverse)"
109,"36 Most Common Scams in Vietnam"
110,"Biker's Ultimate Guide for Ha Giang Loop"
111,"Hanoi to Saigon Road Trip - Road Conditions and Route"
112,"Ultimate Guide on Public Transportation in Vietnam"
113,"5 Traditional Vietnam Coffee Types You Must Try"
114,"50 Lifesaving Tips to Safely Travel Vietnam by Motorbike"
115,"49 Culture Shocks You Will Experience in Vietnam"
